CREATE TABLE AUTHORITY (ID NUMBER(19) NOT NULL, NAME VARCHAR2(50) NULL, PRIMARY KEY (ID));
CREATE TABLE USERS (ID NUMBER(19) NOT NULL, EMAIL VARCHAR2(50) NULL, ENABLED NUMBER(1) default 0 NULL, FIRSTNAME VARCHAR2(50) NULL, LASTPASSWORDRESETDATE TIMESTAMP NULL, LASTNAME VARCHAR2(50) NULL, PASSWORD VARCHAR2(100) NULL, USERNAME VARCHAR2(50) NULL UNIQUE, PRIMARY KEY (ID));

CREATE TABLE USER_AUTHORITY (AUTHORITY_ID NUMBER(19) NOT NULL, USER_ID NUMBER(19) NOT NULL, PRIMARY KEY (AUTHORITY_ID, USER_ID));
ALTER TABLE USER_AUTHORITY ADD CONSTRAINT FK_USER_AUTHORITY_USER_ID FOREIGN KEY (USER_ID) REFERENCES USERS (ID);
ALTER TABLE USER_AUTHORITY ADD CONSTRAINT FK_USER_AUTHORITY_AUTHORITY_ID FOREIGN KEY (AUTHORITY_ID) REFERENCES AUTHORITY (ID);
CREATE SEQUENCE user_seq START WITH 1;
CREATE SEQUENCE authority_seq START WITH 1;


INSERT INTO USERS (ID, USERNAME, PASSWORD, FIRSTNAME, LASTNAME, EMAIL, ENABLED, LASTPASSWORDRESETDATE) VALUES (1, 'admin', '$2a$08$lDnHPz7eUkSi6ao14Twuau08mzhWrL4kyZGGU5xfiGALO/Vxd5DOi', 'admin', 'admin', 'admin@admin.com', 1, sysdate);
INSERT INTO USERS (ID, USERNAME, PASSWORD, FIRSTNAME, LASTNAME, EMAIL, ENABLED, LASTPASSWORDRESETDATE) VALUES (2, 'user', '$2a$08$UkVvwpULis18S19S5pZFn.YHPZt3oaqHZnDwqbCW9pft6uFtkXKDC', 'user', 'user', 'enabled@user.com', 1, sysdate);
INSERT INTO USERS (ID, USERNAME, PASSWORD, FIRSTNAME, LASTNAME, EMAIL, ENABLED, LASTPASSWORDRESETDATE) VALUES (3, 'alerts', '$2a$08$UkVvwpULis18S19S5pZFn.YHPZt3oaqHZnDwqbCW9pft6uFtkXKDC', 'alerts', 'alerts', 'alerts@user.com', 1, sysdate);
INSERT INTO USERS (ID, USERNAME, PASSWORD, FIRSTNAME, LASTNAME, EMAIL, ENABLED, LASTPASSWORDRESETDATE) VALUES (4, 'rules', '$2a$08$UkVvwpULis18S19S5pZFn.YHPZt3oaqHZnDwqbCW9pft6uFtkXKDC', 'rules', 'rules', 'rules@user.com', 1, sysdate);
INSERT INTO USERS (ID, USERNAME, PASSWORD, FIRSTNAME, LASTNAME, EMAIL, ENABLED, LASTPASSWORDRESETDATE) VALUES (5, 'hierarical', '$2a$08$UkVvwpULis18S19S5pZFn.YHPZt3oaqHZnDwqbCW9pft6uFtkXKDC', 'hierarical', 'hierarical', 'hierarical@user.com', 1, sysdate);
INSERT INTO USERS (ID, USERNAME, PASSWORD, FIRSTNAME, LASTNAME, EMAIL, ENABLED, LASTPASSWORDRESETDATE) VALUES (6, 'cpp', '$2a$08$UkVvwpULis18S19S5pZFn.YHPZt3oaqHZnDwqbCW9pft6uFtkXKDC', 'cpp', 'cpp', 'rules@user.com', 1, sysdate);
INSERT INTO USERS (ID, USERNAME, PASSWORD, FIRSTNAME, LASTNAME, EMAIL, ENABLED, LASTPASSWORDRESETDATE) VALUES (7, 'configuration', '$2a$08$UkVvwpULis18S19S5pZFn.YHPZt3oaqHZnDwqbCW9pft6uFtkXKDC', 'configuration', 'configuration', 'rules@user.com', 1, sysdate);
INSERT INTO USERS (ID, USERNAME, PASSWORD, FIRSTNAME, LASTNAME, EMAIL, ENABLED, LASTPASSWORDRESETDATE) VALUES (8, 'grid', '$2a$08$UkVvwpULis18S19S5pZFn.YHPZt3oaqHZnDwqbCW9pft6uFtkXKDC', 'grid', 'grid', 'grid@user.com', 1, sysdate);
INSERT INTO USERS (ID, USERNAME, PASSWORD, FIRSTNAME, LASTNAME, EMAIL, ENABLED, LASTPASSWORDRESETDATE) VALUES (9, 'search', '$2a$08$UkVvwpULis18S19S5pZFn.YHPZt3oaqHZnDwqbCW9pft6uFtkXKDC', 'search', 'search', 'search@user.com', 1, sysdate);
INSERT INTO USERS (ID, USERNAME, PASSWORD, FIRSTNAME, LASTNAME, EMAIL, ENABLED, LASTPASSWORDRESETDATE) VALUES (10, 'dashboard', '$2a$08$UkVvwpULis18S19S5pZFn.YHPZt3oaqHZnDwqbCW9pft6uFtkXKDC', 'rules', 'rules', 'rules@user.com', 1, sysdate);
INSERT INTO USERS (ID, USERNAME, PASSWORD, FIRSTNAME, LASTNAME, EMAIL, ENABLED, LASTPASSWORDRESETDATE) VALUES (11, 'disabled', '$2a$08$UkVvwpULis18S19S5pZFn.YHPZt3oaqHZnDwqbCW9pft6uFtkXKDC', 'user', 'user', 'disabled@user.com', 0, sysdate);




INSERT INTO AUTHORITY (ID, NAME) VALUES (1, 'ROLE_USER');
INSERT INTO AUTHORITY (ID, NAME) VALUES (2, 'ROLE_ADMIN');
INSERT INTO AUTHORITY (ID, NAME) VALUES (3, 'ROLE_ALERTS');
INSERT INTO AUTHORITY (ID, NAME) VALUES (4, 'ROLE_RULES');
INSERT INTO AUTHORITY (ID, NAME) VALUES (5, 'ROLE_HIERARICALMANAGEMENT');
INSERT INTO AUTHORITY (ID, NAME) VALUES (6, 'ROLE_CPP');
INSERT INTO AUTHORITY (ID, NAME) VALUES (7, 'ROLE_CONFIGURATION');
INSERT INTO AUTHORITY (ID, NAME) VALUES (8, 'ROLE_GRID');
INSERT INTO AUTHORITY (ID, NAME) VALUES (9, 'ROLE_SEARCH');
INSERT INTO AUTHORITY (ID, NAME) VALUES (10, 'ROLE_DASHBOARD');



INSERT INTO USER_AUTHORITY (USER_ID, AUTHORITY_ID) VALUES (1, 1);
INSERT INTO USER_AUTHORITY (USER_ID, AUTHORITY_ID) VALUES (1, 2);
INSERT INTO USER_AUTHORITY (USER_ID, AUTHORITY_ID) VALUES (1, 3);
INSERT INTO USER_AUTHORITY (USER_ID, AUTHORITY_ID) VALUES (1, 4 );
INSERT INTO USER_AUTHORITY (USER_ID, AUTHORITY_ID) VALUES (1, 5 );
INSERT INTO USER_AUTHORITY (USER_ID, AUTHORITY_ID) VALUES (1, 6 );
INSERT INTO USER_AUTHORITY (USER_ID, AUTHORITY_ID) VALUES (1, 7 );
INSERT INTO USER_AUTHORITY (USER_ID, AUTHORITY_ID) VALUES (1, 8 );
INSERT INTO USER_AUTHORITY (USER_ID, AUTHORITY_ID) VALUES (1, 9 );
INSERT INTO USER_AUTHORITY (USER_ID, AUTHORITY_ID) VALUES (1, 10 );



INSERT INTO USER_AUTHORITY (USER_ID, AUTHORITY_ID) VALUES (3, 3 );
INSERT INTO USER_AUTHORITY (USER_ID, AUTHORITY_ID) VALUES (4, 4 );
INSERT INTO USER_AUTHORITY (USER_ID, AUTHORITY_ID) VALUES (5, 5 );
INSERT INTO USER_AUTHORITY (USER_ID, AUTHORITY_ID) VALUES (6, 6 );
INSERT INTO USER_AUTHORITY (USER_ID, AUTHORITY_ID) VALUES (7, 7 );
INSERT INTO USER_AUTHORITY (USER_ID, AUTHORITY_ID) VALUES (8, 8 );
INSERT INTO USER_AUTHORITY (USER_ID, AUTHORITY_ID) VALUES (9, 9 );
INSERT INTO USER_AUTHORITY (USER_ID, AUTHORITY_ID) VALUES (10, 10 );

commit;



